<?xml version="1.0" encoding="UTF-8"?><?xml-stylesheet type='text/xsl' href='_UpgradeReport_Files/UpgradeReport.xslt'?><UpgradeLog>
<Properties><Property Name="Solution" Value="TuneTheRadio">
</Property><Property Name="솔루션 파일" Value="C:\Documents and Settings\woosong bit\바탕 화면\AppsCodeMarkup\Chapter 05\TuneTheRadio\TuneTheRadio.sln">
</Property><Property Name="Date" Value="2011년 5월 16일 월요일">
</Property><Property Name="Time" Value="오후 21:09">
</Property></Properties><Event ErrorLevel="0" Project="" Source="TuneTheRadio.sln" Description="파일을 C:\Documents and Settings\woosong bit\바탕 화면\AppsCodeMarkup\Chapter 05\TuneTheRadio\Backup\TuneTheRadio.sln(으)로 백업했습니다.">
</Event><Event ErrorLevel="0" Project="TuneTheRadio" Source="TuneTheRadio.csproj" Description="프로젝트 파일을 C:\Documents and Settings\woosong bit\바탕 화면\AppsCodeMarkup\Chapter 05\TuneTheRadio\Backup\TuneTheRadio.csproj(으)로 백업했습니다.">
</Event><Event ErrorLevel="0" Project="TuneTheRadio" Source="TuneTheRadio.cs" Description="파일을 C:\Documents and Settings\woosong bit\바탕 화면\AppsCodeMarkup\Chapter 05\TuneTheRadio\Backup\TuneTheRadio.cs(으)로 백업했습니다.">
</Event><Event ErrorLevel="0" Project="TuneTheRadio" Source="TuneTheRadio.csproj" Description="프로젝트를 변환했습니다.">
</Event><Event ErrorLevel="3" Project="TuneTheRadio" Source="TuneTheRadio.csproj" Description="Converted">
</Event><Event ErrorLevel="0" Project="" Source="TuneTheRadio.sln" Description="솔루션을 변환했습니다.">
</Event><Event ErrorLevel="3" Project="" Source="TuneTheRadio.sln" Description="Converted">
</Event><Event ErrorLevel="0" Project="TuneTheRadio" Source="TuneTheRadio.csproj" Description="검사 완료: 프로젝트 파일을 업그레이드할 필요가 없습니다.">
</Event></UpgradeLog>