<?xml version="1.0" encoding="UTF-8"?><?xml-stylesheet type='text/xsl' href='_UpgradeReport_Files/UpgradeReport.xslt'?><UpgradeLog>
<Properties><Property Name="Solution" Value="InheritTheWin">
</Property><Property Name="솔루션 파일" Value="C:\Documents and Settings\woosong bit\바탕 화면\AppsCodeMarkup\Chapter 01\InheritTheWin\InheritTheWin.sln">
</Property><Property Name="Date" Value="2011년 5월 14일 토요일">
</Property><Property Name="Time" Value="오후 12:59">
</Property></Properties><Event ErrorLevel="0" Project="" Source="InheritTheWin.sln" Description="파일을 C:\Documents and Settings\woosong bit\바탕 화면\AppsCodeMarkup\Chapter 01\InheritTheWin\Backup\InheritTheWin.sln(으)로 백업했습니다.">
</Event><Event ErrorLevel="0" Project="InheritTheWin" Source="InheritTheWin.csproj" Description="프로젝트 파일을 C:\Documents and Settings\woosong bit\바탕 화면\AppsCodeMarkup\Chapter 01\InheritTheWin\Backup\InheritTheWin.csproj(으)로 백업했습니다.">
</Event><Event ErrorLevel="0" Project="InheritTheWin" Source="InheritTheWin.cs" Description="파일을 C:\Documents and Settings\woosong bit\바탕 화면\AppsCodeMarkup\Chapter 01\InheritTheWin\Backup\InheritTheWin.cs(으)로 백업했습니다.">
</Event><Event ErrorLevel="1" Project="InheritTheWin" Source="InheritTheWin.csproj" Description="프로젝트가 .NET Framework 2.0 또는 3.0을 대상으로 합니다. 프로젝트에서 최신 .NET Framework를 필요로 하는 어셈블리를 사용하는 경우 프로젝트를 빌드할 수 없습니다. 프로젝트 메뉴에서 [속성]을 클릭하고 '.NET Framework' 드롭다운 상자에서 새 버전을 선택하면 .NET Framework 버전을 변경할 수 있습니다. Visual Basic의 경우 이 옵션이 '고급 컴파일러 옵션...' 단추를 클릭하면 나타나는 [컴파일] 탭에 있습니다.">
</Event><Event ErrorLevel="0" Project="InheritTheWin" Source="InheritTheWin.csproj" Description="프로젝트를 변환했습니다.">
</Event><Event ErrorLevel="3" Project="InheritTheWin" Source="InheritTheWin.csproj" Description="Converted">
</Event><Event ErrorLevel="0" Project="" Source="InheritTheWin.sln" Description="솔루션을 변환했습니다.">
</Event><Event ErrorLevel="3" Project="" Source="InheritTheWin.sln" Description="Converted">
</Event><Event ErrorLevel="0" Project="InheritTheWin" Source="InheritTheWin.csproj" Description="검사 완료: 프로젝트 파일을 업그레이드할 필요가 없습니다.">
</Event></UpgradeLog>