<?xml version="1.0" encoding="UTF-8"?><?xml-stylesheet type='text/xsl' href='_UpgradeReport_Files/UpgradeReport.xslt'?><UpgradeLog>
<Properties><Property Name="Solution" Value="StackTenButtons">
</Property><Property Name="솔루션 파일" Value="C:\Documents and Settings\woosong bit\바탕 화면\AppsCodeMarkup\Chapter 05\StackTenButtons\StackTenButtons.sln">
</Property><Property Name="Date" Value="2011년 5월 16일 월요일">
</Property><Property Name="Time" Value="오후 12:21">
</Property></Properties><Event ErrorLevel="0" Project="" Source="StackTenButtons.sln" Description="파일을 C:\Documents and Settings\woosong bit\바탕 화면\AppsCodeMarkup\Chapter 05\StackTenButtons\Backup\StackTenButtons.sln(으)로 백업했습니다.">
</Event><Event ErrorLevel="0" Project="StackTenButtons" Source="StackTenButtons.csproj" Description="프로젝트 파일을 C:\Documents and Settings\woosong bit\바탕 화면\AppsCodeMarkup\Chapter 05\StackTenButtons\Backup\StackTenButtons.csproj(으)로 백업했습니다.">
</Event><Event ErrorLevel="0" Project="StackTenButtons" Source="StackTenButtons.cs" Description="파일을 C:\Documents and Settings\woosong bit\바탕 화면\AppsCodeMarkup\Chapter 05\StackTenButtons\Backup\StackTenButtons.cs(으)로 백업했습니다.">
</Event><Event ErrorLevel="0" Project="StackTenButtons" Source="StackTenButtons.csproj" Description="프로젝트를 변환했습니다.">
</Event><Event ErrorLevel="3" Project="StackTenButtons" Source="StackTenButtons.csproj" Description="Converted">
</Event><Event ErrorLevel="0" Project="" Source="StackTenButtons.sln" Description="솔루션을 변환했습니다.">
</Event><Event ErrorLevel="3" Project="" Source="StackTenButtons.sln" Description="Converted">
</Event><Event ErrorLevel="0" Project="StackTenButtons" Source="StackTenButtons.csproj" Description="검사 완료: 프로젝트 파일을 업그레이드할 필요가 없습니다.">
</Event></UpgradeLog>