<?xml version="1.0" encoding="UTF-8"?><?xml-stylesheet type='text/xsl' href='_UpgradeReport_Files/UpgradeReport.xslt'?><UpgradeLog>
<Properties><Property Name="Solution" Value="SingleRecordDataEntry">
</Property><Property Name="솔루션 파일" Value="C:\Documents and Settings\woosong bit\My Documents\Downloads\AppsCodeMarkup\Chapter 26\SingleRecordDataEntry\SingleRecordDataEntry.sln">
</Property><Property Name="사용자 옵션 파일" Value="C:\Documents and Settings\woosong bit\My Documents\Downloads\AppsCodeMarkup\Chapter 26\SingleRecordDataEntry\SingleRecordDataEntry.suo">
</Property><Property Name="Date" Value="2011년 5월 23일 월요일">
</Property><Property Name="Time" Value="오후 17:41">
</Property></Properties><Event ErrorLevel="0" Project="" Source="SingleRecordDataEntry.sln" Description="파일을 C:\Documents and Settings\woosong bit\My Documents\Downloads\AppsCodeMarkup\Chapter 26\SingleRecordDataEntry\Backup\SingleRecordDataEntry.sln(으)로 백업했습니다.">
</Event><Event ErrorLevel="0" Project="" Source="SingleRecordDataEntry.suo" Description="파일을 C:\Documents and Settings\woosong bit\My Documents\Downloads\AppsCodeMarkup\Chapter 26\SingleRecordDataEntry\Backup\SingleRecordDataEntry.suo(으)로 백업했습니다.">
</Event><Event ErrorLevel="0" Project="SingleRecordDataEntry" Source="SingleRecordDataEntry.csproj" Description="프로젝트 파일을 C:\Documents and Settings\woosong bit\My Documents\Downloads\AppsCodeMarkup\Chapter 26\SingleRecordDataEntry\Backup\SingleRecordDataEntry.csproj(으)로 백업했습니다.">
</Event><Event ErrorLevel="1" Project="SingleRecordDataEntry" Source="..\..\Chapter 25\CreateDatePicker\DatePicker.cs" Description="백업된 프로젝트를 빌드할 수 없습니다. 프로젝트에 링크된 파일이 있습니다. C:\Documents and Settings\woosong bit\My Documents\Downloads\AppsCodeMarkup\Chapter 26\SingleRecordDataEntry\Backup\DatePicker.cs">
</Event><Event ErrorLevel="0" Project="SingleRecordDataEntry" Source="..\..\Chapter 25\CreateDatePicker\DatePicker.cs" Description="파일을 C:\Documents and Settings\woosong bit\My Documents\Downloads\AppsCodeMarkup\Chapter 26\SingleRecordDataEntry\Backup\DatePicker.cs(으)로 백업했습니다.">
</Event><Event ErrorLevel="0" Project="SingleRecordDataEntry" Source="Person.cs" Description="파일을 C:\Documents and Settings\woosong bit\My Documents\Downloads\AppsCodeMarkup\Chapter 26\SingleRecordDataEntry\Backup\Person.cs(으)로 백업했습니다.">
</Event><Event ErrorLevel="0" Project="SingleRecordDataEntry" Source="PersonPanel.cs" Description="파일을 C:\Documents and Settings\woosong bit\My Documents\Downloads\AppsCodeMarkup\Chapter 26\SingleRecordDataEntry\Backup\PersonPanel.cs(으)로 백업했습니다.">
</Event><Event ErrorLevel="0" Project="SingleRecordDataEntry" Source="SingleRecordDataEntry.cs" Description="파일을 C:\Documents and Settings\woosong bit\My Documents\Downloads\AppsCodeMarkup\Chapter 26\SingleRecordDataEntry\Backup\SingleRecordDataEntry.cs(으)로 백업했습니다.">
</Event><Event ErrorLevel="1" Project="SingleRecordDataEntry" Source="..\..\Chapter 25\CreateDatePicker\DatePicker.xaml" Description="백업된 프로젝트를 빌드할 수 없습니다. 프로젝트에 링크된 파일이 있습니다. C:\Documents and Settings\woosong bit\My Documents\Downloads\AppsCodeMarkup\Chapter 26\SingleRecordDataEntry\Backup\DatePicker.xaml">
</Event><Event ErrorLevel="0" Project="SingleRecordDataEntry" Source="..\..\Chapter 25\CreateDatePicker\DatePicker.xaml" Description="파일을 C:\Documents and Settings\woosong bit\My Documents\Downloads\AppsCodeMarkup\Chapter 26\SingleRecordDataEntry\Backup\DatePicker.xaml(으)로 백업했습니다.">
</Event><Event ErrorLevel="0" Project="SingleRecordDataEntry" Source="PersonPanel.xaml" Description="파일을 C:\Documents and Settings\woosong bit\My Documents\Downloads\AppsCodeMarkup\Chapter 26\SingleRecordDataEntry\Backup\PersonPanel.xaml(으)로 백업했습니다.">
</Event><Event ErrorLevel="0" Project="SingleRecordDataEntry" Source="SingleRecordDataEntry.xaml" Description="파일을 C:\Documents and Settings\woosong bit\My Documents\Downloads\AppsCodeMarkup\Chapter 26\SingleRecordDataEntry\Backup\SingleRecordDataEntry.xaml(으)로 백업했습니다.">
</Event><Event ErrorLevel="1" Project="SingleRecordDataEntry" Source="SingleRecordDataEntry.csproj" Description="프로젝트가 .NET Framework 2.0 또는 3.0을 대상으로 합니다. 프로젝트에서 최신 .NET Framework를 필요로 하는 어셈블리를 사용하는 경우 프로젝트를 빌드할 수 없습니다. 프로젝트 메뉴에서 [속성]을 클릭하고 '.NET Framework' 드롭다운 상자에서 새 버전을 선택하면 .NET Framework 버전을 변경할 수 있습니다. Visual Basic의 경우 이 옵션이 '고급 컴파일러 옵션...' 단추를 클릭하면 나타나는 [컴파일] 탭에 있습니다.">
</Event><Event ErrorLevel="0" Project="SingleRecordDataEntry" Source="SingleRecordDataEntry.csproj" Description="프로젝트를 변환했습니다.">
</Event><Event ErrorLevel="3" Project="SingleRecordDataEntry" Source="SingleRecordDataEntry.csproj" Description="Converted">
</Event><Event ErrorLevel="0" Project="" Source="SingleRecordDataEntry.sln" Description="솔루션을 변환했습니다.">
</Event><Event ErrorLevel="3" Project="" Source="SingleRecordDataEntry.sln" Description="Converted">
</Event><Event ErrorLevel="0" Project="SingleRecordDataEntry" Source="SingleRecordDataEntry.csproj" Description="검사 완료: 프로젝트 파일을 업그레이드할 필요가 없습니다.">
</Event></UpgradeLog>