<?xml version="1.0" encoding="UTF-8"?><?xml-stylesheet type='text/xsl' href='_UpgradeReport_Files/UpgradeReport.xslt'?><UpgradeLog>
<Properties><Property Name="Solution" Value="MultiRecordDataEntry">
</Property><Property Name="솔루션 파일" Value="C:\Documents and Settings\woosong bit\My Documents\Downloads\AppsCodeMarkup\Chapter 26\MultiRecordDataEntry\MultiRecordDataEntry.sln">
</Property><Property Name="Date" Value="2011년 5월 23일 월요일">
</Property><Property Name="Time" Value="오후 22:11">
</Property></Properties><Event ErrorLevel="0" Project="" Source="MultiRecordDataEntry.sln" Description="파일을 C:\Documents and Settings\woosong bit\My Documents\Downloads\AppsCodeMarkup\Chapter 26\MultiRecordDataEntry\Backup\MultiRecordDataEntry.sln(으)로 백업했습니다.">
</Event><Event ErrorLevel="0" Project="MultiRecordDataEntry" Source="MultiRecordDataEntry.csproj" Description="프로젝트 파일을 C:\Documents and Settings\woosong bit\My Documents\Downloads\AppsCodeMarkup\Chapter 26\MultiRecordDataEntry\Backup\MultiRecordDataEntry.csproj(으)로 백업했습니다.">
</Event><Event ErrorLevel="1" Project="MultiRecordDataEntry" Source="..\..\Chapter 25\CreateDatePicker\DatePicker.cs" Description="백업된 프로젝트를 빌드할 수 없습니다. 프로젝트에 링크된 파일이 있습니다. C:\Documents and Settings\woosong bit\My Documents\Downloads\AppsCodeMarkup\Chapter 26\MultiRecordDataEntry\Backup\DatePicker.cs">
</Event><Event ErrorLevel="0" Project="MultiRecordDataEntry" Source="..\..\Chapter 25\CreateDatePicker\DatePicker.cs" Description="파일을 C:\Documents and Settings\woosong bit\My Documents\Downloads\AppsCodeMarkup\Chapter 26\MultiRecordDataEntry\Backup\DatePicker.cs(으)로 백업했습니다.">
</Event><Event ErrorLevel="1" Project="MultiRecordDataEntry" Source="..\SingleRecordDataEntry\Person.cs" Description="백업된 프로젝트를 빌드할 수 없습니다. 프로젝트에 링크된 파일이 있습니다. C:\Documents and Settings\woosong bit\My Documents\Downloads\AppsCodeMarkup\Chapter 26\MultiRecordDataEntry\Backup\Person.cs">
</Event><Event ErrorLevel="2" Project="MultiRecordDataEntry" Source="..\SingleRecordDataEntry\Person.cs" Description="파일을 C:\Documents and Settings\woosong bit\My Documents\Downloads\AppsCodeMarkup\Chapter 26\MultiRecordDataEntry\Backup\Person.cs(으)로 백업하지 못했습니다.">
</Event><Event ErrorLevel="1" Project="MultiRecordDataEntry" Source="..\SingleRecordDataEntry\PersonPanel.cs" Description="백업된 프로젝트를 빌드할 수 없습니다. 프로젝트에 링크된 파일이 있습니다. C:\Documents and Settings\woosong bit\My Documents\Downloads\AppsCodeMarkup\Chapter 26\MultiRecordDataEntry\Backup\PersonPanel.cs">
</Event><Event ErrorLevel="2" Project="MultiRecordDataEntry" Source="..\SingleRecordDataEntry\PersonPanel.cs" Description="파일을 C:\Documents and Settings\woosong bit\My Documents\Downloads\AppsCodeMarkup\Chapter 26\MultiRecordDataEntry\Backup\PersonPanel.cs(으)로 백업하지 못했습니다.">
</Event><Event ErrorLevel="0" Project="MultiRecordDataEntry" Source="MultiRecordDataEntry.cs" Description="파일을 C:\Documents and Settings\woosong bit\My Documents\Downloads\AppsCodeMarkup\Chapter 26\MultiRecordDataEntry\Backup\MultiRecordDataEntry.cs(으)로 백업했습니다.">
</Event><Event ErrorLevel="0" Project="MultiRecordDataEntry" Source="People.cs" Description="파일을 C:\Documents and Settings\woosong bit\My Documents\Downloads\AppsCodeMarkup\Chapter 26\MultiRecordDataEntry\Backup\People.cs(으)로 백업했습니다.">
</Event><Event ErrorLevel="1" Project="MultiRecordDataEntry" Source="..\..\Chapter 25\CreateDatePicker\DatePicker.xaml" Description="백업된 프로젝트를 빌드할 수 없습니다. 프로젝트에 링크된 파일이 있습니다. C:\Documents and Settings\woosong bit\My Documents\Downloads\AppsCodeMarkup\Chapter 26\MultiRecordDataEntry\Backup\DatePicker.xaml">
</Event><Event ErrorLevel="0" Project="MultiRecordDataEntry" Source="..\..\Chapter 25\CreateDatePicker\DatePicker.xaml" Description="파일을 C:\Documents and Settings\woosong bit\My Documents\Downloads\AppsCodeMarkup\Chapter 26\MultiRecordDataEntry\Backup\DatePicker.xaml(으)로 백업했습니다.">
</Event><Event ErrorLevel="1" Project="MultiRecordDataEntry" Source="..\SingleRecordDataEntry\PersonPanel.xaml" Description="백업된 프로젝트를 빌드할 수 없습니다. 프로젝트에 링크된 파일이 있습니다. C:\Documents and Settings\woosong bit\My Documents\Downloads\AppsCodeMarkup\Chapter 26\MultiRecordDataEntry\Backup\PersonPanel.xaml">
</Event><Event ErrorLevel="2" Project="MultiRecordDataEntry" Source="..\SingleRecordDataEntry\PersonPanel.xaml" Description="파일을 C:\Documents and Settings\woosong bit\My Documents\Downloads\AppsCodeMarkup\Chapter 26\MultiRecordDataEntry\Backup\PersonPanel.xaml(으)로 백업하지 못했습니다.">
</Event><Event ErrorLevel="0" Project="MultiRecordDataEntry" Source="MultiRecordDataEntry.xaml" Description="파일을 C:\Documents and Settings\woosong bit\My Documents\Downloads\AppsCodeMarkup\Chapter 26\MultiRecordDataEntry\Backup\MultiRecordDataEntry.xaml(으)로 백업했습니다.">
</Event><Event ErrorLevel="1" Project="MultiRecordDataEntry" Source="MultiRecordDataEntry.csproj" Description="프로젝트가 .NET Framework 2.0 또는 3.0을 대상으로 합니다. 프로젝트에서 최신 .NET Framework를 필요로 하는 어셈블리를 사용하는 경우 프로젝트를 빌드할 수 없습니다. 프로젝트 메뉴에서 [속성]을 클릭하고 '.NET Framework' 드롭다운 상자에서 새 버전을 선택하면 .NET Framework 버전을 변경할 수 있습니다. Visual Basic의 경우 이 옵션이 '고급 컴파일러 옵션...' 단추를 클릭하면 나타나는 [컴파일] 탭에 있습니다.">
</Event><Event ErrorLevel="0" Project="MultiRecordDataEntry" Source="MultiRecordDataEntry.csproj" Description="프로젝트를 변환했습니다.">
</Event><Event ErrorLevel="3" Project="MultiRecordDataEntry" Source="MultiRecordDataEntry.csproj" Description="Converted">
</Event><Event ErrorLevel="0" Project="" Source="MultiRecordDataEntry.sln" Description="솔루션을 변환했습니다.">
</Event><Event ErrorLevel="3" Project="" Source="MultiRecordDataEntry.sln" Description="Converted">
</Event><Event ErrorLevel="0" Project="MultiRecordDataEntry" Source="MultiRecordDataEntry.csproj" Description="검사 완료: 프로젝트 파일을 업그레이드할 필요가 없습니다.">
</Event></UpgradeLog>